{
    "octankTelematicsTripEventWriter": {
        "lambda": {
            "tripId": "e4260c0b-1353-4d63-b013-3bf3910d8b95",
            "userId": "e4260c0b-1353-4d63-b013-3bf3910d8b01",
            "tripEvents": [
                {
                    "eventId": "fe1d89cf-c528-4082-8ea1-5f37f73f6605",
                    "eventType": "TripStarted",
                    "coordinates": {
                        "latitude": "40.662040",
                        "longitude": "-74.391010"
                    },
                    "timestamp": "2020-10-12T21:36:19+0000"
                },
                {
                    "eventId": "fe1d89cf-c528-4082-8ea1-5f37f73f6615",
                    "eventType": "Location",
                    "coordinates": {
                        "latitude": "40.662040",
                        "longitude": "-74.391010"
                    },
                    "timestamp": "2020-10-12T21:36:19+0000"
                },
                {
                    "eventId": "2aaa802e-19ab-4fe6-94b3-8ed8f4f1f125",
                    "eventType": "Location",
                    "coordinates": {
                        "latitude": "40.662040",
                        "longitude": "-74.391010"
                    },
                    "timestamp": "2020-10-12T21:36:19+0000"
                },
                {
                    "eventId": "2aaa802e-19ab-4fe6-94b3-8ed8f4f1f135",
                    "eventType": "HardBreak",
                    "coordinates": {
                        "latitude": "40.662040",
                        "longitude": "-74.391010"
                    },
                    "timestamp": "2020-10-12T21:36:19+0000"
                },
                {
                    "eventId": "2aaa802e-19ab-4fe6-94b3-8ed8f4f1f145",
                    "eventType": "Location",
                    "coordinates": {
                        "latitude": "40.662040",
                        "longitude": "-74.391010"
                    },
                    "timestamp": "2020-10-12T21:36:19+0000"
                },
                {
                    "eventId": "fe1d89cf-c528-4082-8ea1-5f37f73f6655",
                    "eventType": "TripEnded",
                    "coordinates": {
                        "latitude": "40.662040",
                        "longitude": "-74.391010"
                    },
                    "timestamp": "2020-10-12T21:36:19+0000"
                }
            ],
            "timestamp": "2020-10-12T21:36:19+0000"
        }
    }
}